,index,label,prediction,FinalLabel
0,277,5,4,False
1,153,2,3,False
2,187,3,2,False
3,35,0,0,True
4,369,7,3,False
5,379,7,3,False
6,110,2,1,False
7,225,4,3,False
8,144,2,2,True
9,143,2,2,True
10,306,5,4,False
11,269,5,3,False
12,246,4,3,False
13,25,0,0,True
14,392,8,11,False
15,9,0,0,True
16,99,2,1,False
17,377,7,7,True
18,260,4,2,False
19,186,3,4,False
20,448,10,9,False
21,71,1,0,False
22,414,8,11,False
23,314,6,6,True
24,439,9,3,False
25,345,6,4,False
26,301,5,3,False
27,136,2,1,False
28,256,4,4,True
29,16,0,0,True
30,175,3,2,False
31,235,4,3,False
32,278,5,4,False
33,251,4,3,False
34,271,5,3,False
35,315,6,3,False
36,134,2,2,True
37,3,0,1,False
38,346,6,6,True
39,390,8,5,False
40,397,8,4,False
41,169,3,1,False
42,10,0,0,True
43,270,5,2,False
44,19,0,0,True
45,236,4,3,False
46,398,8,4,False
47,255,4,3,False
48,262,5,5,True
49,261,5,5,True
50,423,9,5,False
51,165,3,3,True
52,274,5,2,False
53,469,11,11,True
54,215,4,3,False
55,396,8,8,True
56,428,9,5,False
57,243,4,2,False
58,107,2,2,True
59,241,4,2,False
60,190,3,3,True
61,257,4,4,True
62,69,1,0,False
63,452,10,5,False
64,245,4,3,False
65,211,3,2,False
66,100,2,2,True
67,85,1,1,True
68,201,3,2,False
69,228,4,3,False
70,283,5,2,False
71,383,7,2,False
72,51,1,1,True
73,59,1,1,True
74,213,4,2,False
75,335,6,3,False
76,363,7,5,False
77,62,1,1,True
78,308,5,4,False
79,98,2,1,False
80,349,6,5,False
81,356,7,3,False
82,352,6,6,True
83,97,2,2,True
84,202,3,2,False
85,297,5,2,False
86,34,0,0,True
87,303,5,2,False
88,481,11,11,True
89,324,6,3,False
90,233,4,3,False
91,127,2,2,True
92,330,6,7,False
93,288,5,4,False
94,408,8,5,False
95,0,0,0,True
96,355,7,4,False
97,333,6,5,False
98,189,3,3,True
99,272,5,5,True
100,370,7,3,False
101,339,6,3,False
102,237,4,3,False
103,57,1,1,True
104,375,7,5,False
105,138,2,2,True
106,31,0,0,True
107,382,7,3,False
108,179,3,2,False
109,459,10,11,False
110,443,10,11,False
111,196,3,3,True
112,407,8,6,False
113,172,3,3,True
114,105,2,2,True
115,432,9,8,False
116,121,2,2,True
117,205,3,3,True
118,415,8,7,False
119,461,10,7,False
120,313,6,6,True
121,467,11,6,False
122,222,4,5,False
123,359,7,4,False
124,52,1,0,False
125,217,4,2,False
126,106,2,1,False
127,394,8,5,False
128,164,3,2,False
129,435,9,11,False
130,191,3,3,True
131,480,11,6,False
132,141,2,2,True
133,126,2,1,False
134,41,0,0,True
135,285,5,3,False
136,147,2,3,False
137,463,11,8,False
138,61,1,1,True
139,456,10,11,False
140,248,4,3,False
141,322,6,3,False
142,279,5,4,False
143,53,1,1,True
144,298,5,4,False
145,43,0,0,True
146,178,3,5,False
147,332,6,2,False
148,84,1,0,False
149,37,0,0,True
150,81,1,1,True
151,139,2,2,True
152,208,3,2,False
153,400,8,8,True
154,115,2,2,True
155,403,8,4,False
156,302,5,3,False
157,66,1,0,False
158,442,9,5,False
159,453,10,7,False
160,465,11,5,False
161,405,8,3,False
162,209,3,2,False
163,117,2,2,True
164,48,1,0,False
165,350,6,2,False
166,129,2,2,True
167,206,3,2,False
168,425,9,9,True
169,347,6,3,False
170,312,6,3,False
171,154,2,1,False
172,160,3,4,False
173,45,1,1,True
174,150,2,2,True
175,325,6,3,False
176,483,11,11,True
177,176,3,3,True
178,341,6,2,False
179,74,1,0,False
180,418,8,7,False
181,438,9,7,False
182,216,4,3,False
183,142,2,1,False
184,73,1,1,True
185,38,0,0,True
186,132,2,1,False
187,87,1,1,True
188,475,11,11,True
189,238,4,5,False
190,30,0,0,True
191,416,8,11,False
192,148,2,2,True
193,232,4,2,False
194,188,3,2,False
195,316,6,5,False
196,125,2,3,False
197,63,1,0,False
198,252,4,2,False
199,102,2,2,True
200,193,3,3,True
201,101,2,2,True
202,259,4,3,False
203,229,4,3,False
204,203,3,3,True
205,83,1,2,False
206,247,4,3,False
207,401,8,6,False
208,286,5,3,False
209,426,9,6,False
210,149,2,0,False
211,168,3,4,False
212,364,7,3,False
213,357,7,5,False
214,82,1,0,False
215,112,2,3,False
216,460,10,3,False
217,457,10,5,False
218,70,1,0,False
219,300,5,3,False
220,161,3,6,False
221,419,9,7,False
222,231,4,2,False
223,391,8,11,False
224,342,6,4,False
225,450,10,3,False
226,220,4,3,False
227,321,6,3,False
228,254,4,4,True
229,340,6,3,False
230,131,2,2,True
231,293,5,4,False
232,223,4,6,False
233,268,5,3,False
234,159,3,4,False
235,470,11,9,False
236,477,11,9,False
237,123,2,2,True
238,54,1,2,False
239,2,0,0,True
240,151,2,2,True
241,344,6,2,False
242,386,7,3,False
243,362,7,9,False
244,258,4,2,False
245,194,3,3,True
246,291,5,3,False
247,124,2,2,True
248,14,0,0,True
249,174,3,1,False
250,180,3,3,True
251,47,1,1,True
252,1,0,0,True
253,214,4,6,False
254,449,10,3,False
255,410,8,4,False
256,299,5,4,False
257,23,0,0,True
258,15,0,0,True
259,122,2,2,True
260,430,9,9,True
261,234,4,4,True
262,351,6,5,False
263,39,0,0,True
264,86,1,2,False
265,482,11,11,True
266,478,11,9,False
267,58,1,0,False
268,171,3,2,False
269,412,8,3,False
270,192,3,2,False
271,476,11,11,True
272,140,2,2,True
273,111,2,2,True
274,358,7,5,False
275,337,6,3,False
276,65,1,1,True
277,224,4,2,False
278,72,1,1,True
279,294,5,3,False
280,177,3,3,True
281,210,3,2,False
282,249,4,2,False
283,64,1,1,True
284,218,4,3,False
285,93,1,1,True
286,338,6,5,False
287,455,10,5,False
288,304,5,4,False
289,204,3,3,True
290,18,0,0,True
291,366,7,4,False
292,399,8,6,False
293,95,1,0,False
294,292,5,3,False
295,454,10,4,False
296,311,5,2,False
297,374,7,6,False
298,284,5,11,False
299,67,1,0,False
300,195,3,3,True
301,55,1,1,True
302,376,7,4,False
303,5,0,0,True
304,429,9,7,False
305,253,4,3,False
306,468,11,4,False
307,28,0,0,True
308,474,11,11,True
309,103,2,2,True
310,320,6,7,False
311,343,6,4,False
312,289,5,5,True
313,207,3,1,False
314,109,2,1,False
315,182,3,3,True
316,266,5,5,True
317,275,5,3,False
318,230,4,2,False
319,42,0,0,True
320,388,8,5,False
321,77,1,1,True
322,90,1,1,True
323,173,3,2,False
324,384,7,6,False
325,17,0,0,True
326,440,9,6,False
327,36,0,0,True
328,421,9,7,False
329,250,4,2,False
330,280,5,2,False
331,185,3,2,False
332,130,2,1,False
333,348,6,4,False
334,387,8,5,False
335,395,8,9,False
336,128,2,1,False
337,183,3,2,False
338,88,1,1,True
339,163,3,3,True
340,451,10,9,False
341,365,7,3,False
342,242,4,3,False
343,145,2,2,True
344,170,3,3,True
345,434,9,8,False
346,40,0,1,False
347,354,7,3,False
348,406,8,6,False
349,21,0,0,True
350,431,9,5,False
351,108,2,1,False
352,135,2,1,False
353,181,3,2,False
354,162,3,3,True
355,120,2,2,True
356,326,6,2,False
357,197,3,2,False
358,385,7,3,False
359,80,1,1,True
360,361,7,9,False
361,27,0,0,True
362,281,5,3,False
363,427,9,5,False
364,152,2,2,True
365,417,8,11,False
366,96,1,1,True
367,198,3,3,True
368,56,1,0,False
369,212,3,3,True
370,11,0,0,True
371,133,2,2,True
372,413,8,5,False
373,267,5,4,False
374,323,6,3,False
375,372,7,5,False
376,264,5,5,True
377,360,7,3,False
378,334,6,5,False
379,328,6,3,False
380,368,7,2,False
381,91,1,1,True
382,336,6,3,False
383,79,1,1,True
384,114,2,3,False
385,310,5,5,True
386,411,8,8,True
387,146,2,2,True
388,404,8,7,False
389,226,4,2,False
390,381,7,3,False
391,76,1,1,True
392,458,10,11,False
393,32,0,0,True
394,263,5,4,False
395,219,4,3,False
396,402,8,6,False
397,6,0,0,True
398,8,0,0,True
399,282,5,2,False
400,471,11,6,False
401,367,7,2,False
402,119,2,2,True
403,116,2,2,True
404,436,9,5,False
405,199,3,3,True
406,89,1,1,True
407,113,2,2,True
408,447,10,3,False
409,156,2,1,False
410,78,1,1,True
411,307,5,5,True
412,479,11,6,False
413,50,1,0,False
414,155,2,1,False
415,94,1,1,True
416,329,6,5,False
417,22,0,0,True
418,290,5,3,False
419,158,2,2,True
420,393,8,2,False
421,167,3,1,False
422,445,10,11,False
423,166,3,2,False
424,7,0,0,True
425,331,6,2,False
426,472,11,11,True
427,4,0,0,True
428,227,4,3,False
429,319,6,6,True
430,273,5,4,False
431,200,3,2,False
432,137,2,1,False
433,305,5,3,False
434,437,9,4,False
435,318,6,4,False
436,409,8,9,False
437,221,4,4,True
438,309,5,2,False
439,26,0,0,True
440,317,6,4,False
441,371,7,6,False
442,464,11,11,True
443,157,2,1,False
444,33,0,0,True
445,462,11,9,False
446,13,0,0,True
447,373,7,3,False
448,118,2,2,True
449,466,11,11,True
450,327,6,3,False
451,441,9,5,False
452,20,0,0,True
453,444,10,11,False
454,265,5,5,True
455,424,9,7,False
456,380,7,3,False
457,12,0,0,True
458,29,0,0,True
459,75,1,0,False
460,295,5,3,False
461,239,4,4,True
462,60,1,1,True
463,287,5,4,False
464,44,1,0,False
465,184,3,3,True
466,473,11,5,False
467,353,7,5,False
468,422,9,6,False
469,389,8,9,False
470,420,9,5,False
471,378,7,6,False
472,244,4,3,False
473,49,1,1,True
474,276,5,5,True
475,296,5,3,False
476,24,0,0,True
477,104,2,2,True
478,240,4,5,False
479,446,10,8,False
480,68,1,1,True
481,92,1,1,True
482,433,9,4,False
483,46,1,1,True
