,index,label,prediction,FinalLabel
0,11,0,0,True
1,296,5,3,False
2,276,5,3,False
3,70,1,0,False
4,141,2,1,False
5,31,0,0,True
6,419,9,7,False
7,315,6,3,False
8,298,5,5,True
9,72,1,1,True
10,194,3,3,True
11,455,10,4,False
12,85,1,1,True
13,483,11,11,True
14,289,5,3,False
15,132,2,1,False
16,54,1,1,True
17,411,8,11,False
18,177,3,3,True
19,106,2,1,False
20,200,3,3,True
21,108,2,2,True
22,2,0,0,True
23,131,2,2,True
24,124,2,2,True
25,147,2,3,False
26,99,2,1,False
27,114,2,3,False
28,22,0,1,False
29,175,3,2,False
30,385,7,3,False
31,318,6,5,False
32,342,6,3,False
33,294,5,4,False
34,90,1,2,False
35,381,7,3,False
36,18,0,0,True
37,428,9,5,False
38,358,7,5,False
39,287,5,7,False
40,302,5,3,False
41,268,5,3,False
42,394,8,6,False
43,382,7,3,False
44,21,0,0,True
45,112,2,2,True
46,4,0,0,True
47,178,3,4,False
48,181,3,2,False
49,48,1,0,False
50,481,11,11,True
51,286,5,3,False
52,401,8,6,False
53,439,9,3,False
54,303,5,2,False
55,346,6,4,False
56,333,6,4,False
57,74,1,1,True
58,405,8,5,False
59,447,10,3,False
60,402,8,11,False
61,42,0,0,True
62,130,2,2,True
63,191,3,2,False
64,438,9,7,False
65,154,2,2,True
66,23,0,0,True
67,65,1,1,True
68,126,2,1,False
69,360,7,3,False
70,308,5,3,False
71,330,6,7,False
72,472,11,7,False
73,32,0,0,True
74,373,7,3,False
75,196,3,3,True
76,349,6,5,False
77,88,1,1,True
78,321,6,3,False
79,450,10,7,False
80,163,3,3,True
81,389,8,11,False
82,233,4,3,False
83,309,5,2,False
84,425,9,5,False
85,113,2,2,True
86,290,5,3,False
87,211,3,2,False
88,95,1,1,True
89,415,8,11,False
90,242,4,3,False
91,207,3,1,False
92,198,3,3,True
93,477,11,11,True
94,313,6,3,False
95,328,6,3,False
96,384,7,6,False
97,435,9,11,False
98,241,4,2,False
99,414,8,8,True
100,376,7,4,False
101,37,0,0,True
102,166,3,2,False
103,357,7,5,False
104,251,4,3,False
105,87,1,1,True
106,79,1,1,True
107,34,0,1,False
108,252,4,1,False
109,375,7,5,False
110,7,0,0,True
111,433,9,4,False
112,134,2,2,True
113,310,5,3,False
114,380,7,3,False
115,238,4,3,False
116,173,3,2,False
117,38,0,0,True
118,444,10,11,False
119,387,8,5,False
120,133,2,2,True
121,100,2,2,True
122,167,3,1,False
123,443,10,11,False
124,463,11,8,False
125,282,5,2,False
126,307,5,5,True
127,319,6,8,False
128,182,3,3,True
129,118,2,2,True
130,59,1,1,True
131,146,2,3,False
132,377,7,7,True
133,158,2,2,True
134,193,3,3,True
135,179,3,2,False
136,465,11,3,False
137,188,3,3,True
138,160,3,5,False
139,168,3,5,False
140,410,8,5,False
141,279,5,3,False
142,142,2,2,True
143,459,10,9,False
144,129,2,2,True
145,235,4,2,False
146,49,1,1,True
147,43,0,0,True
148,460,10,7,False
149,61,1,1,True
150,98,2,1,False
151,24,0,0,True
152,229,4,3,False
153,440,9,5,False
154,397,8,5,False
155,284,5,5,True
156,295,5,3,False
157,36,0,0,True
158,101,2,3,False
159,404,8,11,False
160,45,1,1,True
161,479,11,5,False
162,69,1,1,True
163,258,4,2,False
164,473,11,5,False
165,26,0,0,True
166,418,8,7,False
167,156,2,1,False
168,10,0,0,True
169,403,8,4,False
170,71,1,0,False
171,202,3,2,False
172,162,3,3,True
173,58,1,0,False
174,275,5,3,False
175,78,1,0,False
176,195,3,2,False
177,186,3,3,True
178,320,6,7,False
179,388,8,8,True
180,407,8,3,False
181,417,8,11,False
182,171,3,2,False
183,30,0,0,True
184,256,4,2,False
185,84,1,1,True
186,187,3,3,True
187,427,9,4,False
188,272,5,6,False
189,104,2,1,False
190,180,3,5,False
191,27,0,0,True
192,145,2,2,True
193,386,7,3,False
194,249,4,2,False
195,15,0,0,True
196,271,5,3,False
197,467,11,5,False
198,456,10,11,False
199,50,1,1,True
200,41,0,0,True
201,462,11,11,True
202,109,2,1,False
203,431,9,5,False
204,28,0,0,True
205,304,5,3,False
206,332,6,2,False
207,203,3,2,False
208,353,7,3,False
209,35,0,0,True
210,478,11,8,False
211,80,1,1,True
212,297,5,3,False
213,125,2,2,True
214,46,1,1,True
215,224,4,2,False
216,335,6,4,False
217,398,8,4,False
218,343,6,4,False
219,263,5,4,False
220,201,3,2,False
221,214,4,8,False
222,445,10,9,False
223,285,5,3,False
224,406,8,6,False
225,161,3,2,False
226,293,5,3,False
227,365,7,3,False
228,135,2,1,False
229,248,4,3,False
230,441,9,8,False
231,451,10,7,False
232,165,3,3,True
233,326,6,2,False
234,364,7,3,False
235,409,8,6,False
236,338,6,5,False
237,210,3,2,False
238,396,8,4,False
239,367,7,2,False
240,329,6,7,False
241,39,0,0,True
242,143,2,2,True
243,82,1,1,True
244,16,0,0,True
245,267,5,4,False
246,316,6,5,False
247,370,7,3,False
248,327,6,7,False
249,378,7,5,False
250,149,2,1,False
251,57,1,1,True
252,122,2,2,True
253,107,2,2,True
254,66,1,1,True
255,383,7,3,False
256,392,8,11,False
257,102,2,3,False
258,12,0,0,True
259,110,2,1,False
260,337,6,3,False
261,228,4,3,False
262,274,5,2,False
263,426,9,7,False
264,220,4,3,False
265,461,10,5,False
266,19,0,0,True
267,33,0,0,True
268,340,6,4,False
269,354,7,3,False
270,204,3,2,False
271,81,1,1,True
272,423,9,8,False
273,227,4,3,False
274,223,4,5,False
275,250,4,1,False
276,434,9,11,False
277,265,5,3,False
278,369,7,3,False
279,291,5,3,False
280,255,4,2,False
281,283,5,3,False
282,40,0,1,False
283,264,5,5,True
284,89,1,1,True
285,55,1,1,True
286,352,6,6,True
287,470,11,9,False
288,416,8,9,False
289,218,4,3,False
290,62,1,1,True
291,225,4,3,False
292,184,3,3,True
293,128,2,1,False
294,254,4,4,True
295,91,1,1,True
296,0,0,0,True
297,240,4,3,False
298,127,2,2,True
299,359,7,3,False
300,331,6,3,False
301,273,5,3,False
302,8,0,0,True
303,75,1,0,False
304,344,6,5,False
305,323,6,3,False
306,169,3,2,False
307,325,6,3,False
308,236,4,3,False
309,300,5,3,False
310,270,5,2,False
311,5,0,0,True
312,372,7,4,False
313,9,0,1,False
314,183,3,3,True
315,245,4,3,False
316,176,3,3,True
317,432,9,6,False
318,155,2,1,False
319,93,1,1,True
320,311,5,2,False
321,73,1,2,False
322,64,1,1,True
323,144,2,2,True
324,312,6,7,False
325,51,1,2,False
326,421,9,7,False
327,281,5,3,False
328,226,4,2,False
329,260,4,3,False
330,453,10,3,False
331,60,1,1,True
332,266,5,3,False
333,164,3,2,False
334,86,1,1,True
335,190,3,3,True
336,393,8,3,False
337,269,5,5,True
338,120,2,2,True
339,324,6,3,False
340,123,2,2,True
341,262,5,5,True
342,222,4,5,False
343,292,5,3,False
344,422,9,7,False
345,150,2,3,False
346,1,0,0,True
347,92,1,1,True
348,105,2,2,True
349,140,2,2,True
350,437,9,4,False
351,299,5,4,False
352,475,11,11,True
353,97,2,2,True
354,339,6,3,False
355,217,4,2,False
356,115,2,2,True
357,208,3,2,False
358,17,0,0,True
359,25,0,0,True
360,442,9,5,False
361,429,9,7,False
362,474,11,11,True
363,96,1,1,True
364,480,11,4,False
365,253,4,3,False
366,390,8,3,False
367,159,3,3,True
368,345,6,5,False
369,139,2,2,True
370,152,2,2,True
371,231,4,3,False
372,76,1,1,True
373,232,4,3,False
374,356,7,3,False
375,482,11,7,False
376,471,11,5,False
377,137,2,2,True
378,138,2,1,False
379,458,10,11,False
380,280,5,2,False
381,317,6,3,False
382,395,8,9,False
383,288,5,5,True
384,363,7,5,False
385,216,4,3,False
386,172,3,3,True
387,446,10,4,False
388,246,4,3,False
389,243,4,2,False
390,314,6,8,False
391,341,6,2,False
392,355,7,2,False
393,189,3,3,True
394,399,8,6,False
395,157,2,2,True
396,368,7,3,False
397,53,1,1,True
398,322,6,3,False
399,56,1,0,False
400,362,7,8,False
401,151,2,3,False
402,119,2,2,True
403,68,1,1,True
404,301,5,2,False
405,350,6,3,False
406,209,3,2,False
407,464,11,11,True
408,305,5,3,False
409,3,0,1,False
410,221,4,4,True
411,6,0,0,True
412,366,7,4,False
413,136,2,1,False
414,213,4,2,False
415,379,7,5,False
416,466,11,5,False
417,206,3,2,False
418,351,6,5,False
419,215,4,3,False
420,420,9,5,False
421,153,2,3,False
422,244,4,3,False
423,29,0,0,True
424,371,7,6,False
425,67,1,0,False
426,192,3,2,False
427,448,10,9,False
428,14,0,0,True
429,116,2,2,True
430,336,6,3,False
431,52,1,0,False
432,103,2,3,False
433,413,8,6,False
434,334,6,3,False
435,219,4,3,False
436,361,7,8,False
437,94,1,1,True
438,412,8,3,False
439,306,5,3,False
440,408,8,5,False
441,174,3,2,False
442,452,10,5,False
443,374,7,5,False
444,259,4,3,False
445,391,8,8,True
446,257,4,3,False
447,83,1,1,True
448,148,2,3,False
449,47,1,1,True
450,347,6,3,False
451,476,11,11,True
452,348,6,7,False
453,430,9,4,False
454,230,4,3,False
455,121,2,2,True
456,261,5,4,False
457,436,9,11,False
458,170,3,3,True
459,468,11,3,False
460,77,1,1,True
461,457,10,7,False
462,117,2,2,True
463,278,5,4,False
464,111,2,2,True
465,247,4,3,False
466,13,0,0,True
467,20,0,0,True
468,424,9,7,False
469,197,3,2,False
470,44,1,1,True
471,185,3,3,True
472,449,10,5,False
473,234,4,3,False
474,237,4,3,False
475,212,3,7,False
476,454,10,7,False
477,277,5,4,False
478,205,3,5,False
479,199,3,2,False
480,400,8,5,False
481,469,11,5,False
482,239,4,3,False
483,63,1,1,True
